{
    "currentMem": 81.13243822285165,
    "previousMem": 81.80204405782048,
    "currentCpu": 6.394355901737567,
    "previousCpu": 7.367709685795897,
    "message": "HEALTHY",
    "danger": false
}
